,Unnamed: 0,Unnamed: 0.1,Unnamed: 0.1.1,Unnamed: 0.1.1.1,Unnamed: 0.1.1.1.1,Unnamed: 0.1.1.1.1.1,population,gdp,gdp per capita
0,0,0,0,0,0,korea,5180,169320000,32687.25868725869
1,1,1,1,1,1,japan,12718,516700000,40627.45714735021
2,2,2,2,2,2,china,141500,1409250000,9959.363957597174
3,3,3,3,3,3,usa,32676,2041280000,62470.31460399069
